Mode (k),Power Spectrum P(k)
9.999999999999999e-05,2.6265290882826948e-09
0.00021544346900318845,2.554948878796435e-09
0.00046415888336127773,2.4853194287413016e-09
0.001,2.4175875745070535e-09
0.002154434690031882,2.351701601339424e-09
0.004641588833612777,2.2876112038547676e-09
0.01,2.2252674476308055e-09
0.021544346900318822,2.1646227318441196e-09
0.046415888336127774,2.1056307529258778e-09
0.09999999999999999,2.0482464692080482e-09
